{
  "note": "Auto-generated alternative energy analysis",
  "vortex_shedding": {
    "system_type": "Vortex Shedding Energy Capture",
    "n_harvesters": 28,
    "total_power_kW": 1.9708433375085634,
    "annual_energy_MWh": 5.179376290972504,
    "capex_usd": 420000,
    "payback_years": 1621.816899969393
  },
  "updraft_column": {
    "feasible": true,
    "system_type": "Vertical Updraft Column with Dual-Port Valved Accelerators",
    "column_height": 1600.008309247666,
    "v_baseline": 24.304280148774687,
    "v_with_valves": 32.591705912958076,
    "velocity_boost_pct": 34.09862671699497,
    "total_power_kW": 839.3590733861203,
    "annual_energy_MWh": 2573.4749190018447,
    "turbine_capex_usd": 4200000,
    "valve_capex_usd": 1310000,
    "total_capex_usd": 6449421.187500734,
    "payback_years": 50.122277391397496
  }
}