{
  "note": "Auto-generated wind energy analysis - do not edit manually",
  "system_type": "Internal Duct (Egg as Wind Concentrator)",
  "summary": {
    "n_turbines": 15,
    "rated_power_kW": 295.0,
    "rated_power_MW": 0.295,
    "annual_energy_MWh": 904.47,
    "added_mass_tonnes": 5.53,
    "estimated_capex_usd": 1340000.0,
    "annual_revenue_usd": 45223.5,
    "simple_payback_years": 29.630612402843653
  },
  "assessments": {
    "geometric": "FEASIBLE",
    "structural": "MINIMAL",
    "energy": "MODEST",
    "economic": "MARGINAL"
  },
  "recommendation": "RECOMMENDED WITH STUDY: Good potential - detailed CFD analysis of duct flow recommended.",
  "installations": [
    {
      "egg_index": 0,
      "egg_diameter_m": 20.3515625,
      "egg_height_m": 101.7578125,
      "z_center_m": 50.87890625,
      "turbine_model": "Mini Duct Turbine (2m)",
      "turbine_diameter_m": 2.0,
      "throat_diameter_m": 2.41654453125,
      "v_ambient_ms": 12.973168015304097,
      "v_amplification": 2.5,
      "v_throat_ms": 32.43292003826024,
      "power_kW": 25.0,
      "power_status": "rated",
      "mass_kg": 470
    },
    {
      "egg_index": 1,
      "egg_diameter_m": 19.362392010167238,
      "egg_height_m": 96.81196005083619,
      "z_center_m": 150.1637925254181,
      "turbine_model": "Mini Duct Turbine (2m)",
      "turbine_diameter_m": 2.0,
      "throat_diameter_m": 2.8738630341090725,
      "v_ambient_ms": 15.425897330541972,
      "v_amplification": 2.3333333333333335,
      "v_throat_ms": 35.99376043793127,
      "power_kW": 25.0,
      "power_status": "rated",
      "mass_kg": 470
    },
    {
      "egg_index": 2,
      "egg_diameter_m": 18.421299315735002,
      "egg_height_m": 92.106496578675,
      "z_center_m": 244.6230208401737,
      "turbine_model": "Mini Duct Turbine (2m)",
      "turbine_diameter_m": 2.0,
      "throat_diameter_m": 2.7341813509379675,
      "v_ambient_ms": 16.678599185686185,
      "v_amplification": 2.3333333333333335,
      "v_throat_ms": 38.91673143326777,
      "power_kW": 25.0,
      "power_status": "rated",
      "mass_kg": 470
    },
    {
      "egg_index": 3,
      "egg_diameter_m": 17.52594763610345,
      "egg_height_m": 87.62973818051725,
      "z_center_m": 334.4911382197698,
      "turbine_model": "Mini Duct Turbine (2m)",
      "turbine_diameter_m": 2.0,
      "throat_diameter_m": 2.6012887778886546,
      "v_ambient_ms": 17.53482914643791,
      "v_amplification": 2.3333333333333335,
      "v_throat_ms": 40.91460134168846,
      "power_kW": 25.0,
      "power_status": "rated",
      "mass_kg": 470
    },
    {
      "egg_index": 4,
      "egg_diameter_m": 16.674113767918254,
      "egg_height_m": 83.37056883959127,
      "z_center_m": 419.99129172982407,
      "turbine_model": "Mini Duct Turbine (2m)",
      "turbine_diameter_m": 2.0,
      "throat_diameter_m": 2.474855336003267,
      "v_ambient_ms": 18.185215239111677,
      "v_amplification": 2.3333333333333335,
      "v_throat_ms": 42.43216889126058,
      "power_kW": 25.0,
      "power_status": "rated",
      "mass_kg": 470
    },
    {
      "egg_index": 5,
      "egg_diameter_m": 15.863682564744597,
      "egg_height_m": 79.31841282372298,
      "z_center_m": 501.3357825614812,
      "turbine_model": "Mini Duct Turbine (2m)",
      "turbine_diameter_m": 2.0,
      "throat_diameter_m": 2.3545670846722166,
      "v_ambient_ms": 18.707708427852808,
      "v_amplification": 2.3333333333333335,
      "v_throat_ms": 43.651319664989884,
      "power_kW": 25.0,
      "power_status": "rated",
      "mass_kg": 470
    },
    {
      "egg_index": 6,
      "egg_diameter_m": 15.092641685051952,
      "egg_height_m": 75.46320842525975,
      "z_center_m": 578.7265931859727,
      "turbine_model": "Mini Duct Turbine (2m)",
      "turbine_diameter_m": 2.0,
      "throat_diameter_m": 2.240125342103836,
      "v_ambient_ms": 19.142371934132598,
      "v_amplification": 2.3333333333333335,
      "v_throat_ms": 44.665534512976066,
      "power_kW": 25.0,
      "power_status": "rated",
      "mass_kg": 470
    },
    {
      "egg_index": 7,
      "egg_diameter_m": 14.359076595468624,
      "egg_height_m": 71.79538297734312,
      "z_center_m": 652.355888887274,
      "turbine_model": "Micro Duct Turbine (1.5m)",
      "turbine_diameter_m": 1.5,
      "throat_diameter_m": 2.1312459436824303,
      "v_ambient_ms": 19.51270747851421,
      "v_amplification": 2.3333333333333335,
      "v_throat_ms": 45.52965078319982,
      "power_kW": 15.0,
      "power_status": "rated",
      "mass_kg": 280
    },
    {
      "egg_index": 8,
      "egg_diameter_m": 13.661165816898878,
      "egg_height_m": 68.30582908449439,
      "z_center_m": 722.4064949181928,
      "turbine_model": "Micro Duct Turbine (1.5m)",
      "turbine_diameter_m": 1.5,
      "throat_diameter_m": 2.027658536373216,
      "v_ambient_ms": 19.8337604107163,
      "v_amplification": 2.3333333333333335,
      "v_throat_ms": 46.278774291671375,
      "power_kW": 15.0,
      "power_status": "rated",
      "mass_kg": 280
    },
    {
      "egg_index": 9,
      "egg_diameter_m": 12.997176401698525,
      "egg_height_m": 64.98588200849262,
      "z_center_m": 789.0523504646862,
      "turbine_model": "Micro Duct Turbine (1.5m)",
      "turbine_diameter_m": 1.5,
      "throat_diameter_m": 1.9291059074221035,
      "v_ambient_ms": 20.115782483896083,
      "v_amplification": 2.3333333333333335,
      "v_throat_ms": 46.93682579575753,
      "power_kW": 15.0,
      "power_status": "rated",
      "mass_kg": 280
    },
    {
      "egg_index": 10,
      "egg_diameter_m": 12.365459630678563,
      "egg_height_m": 61.82729815339282,
      "z_center_m": 852.4589405456289,
      "turbine_model": "Micro Duct Turbine (1.5m)",
      "turbine_diameter_m": 1.5,
      "throat_diameter_m": 1.8353433456834656,
      "v_ambient_ms": 20.366094528436363,
      "v_amplification": 2.3333333333333335,
      "v_throat_ms": 47.520887233018186,
      "power_kW": 15.0,
      "power_status": "rated",
      "mass_kg": 280
    },
    {
      "egg_index": 11,
      "egg_diameter_m": 11.764446919252325,
      "egg_height_m": 58.82223459626162,
      "z_center_m": 912.7837069204561,
      "turbine_model": "Micro Duct Turbine (1.5m)",
      "turbine_diameter_m": 1.5,
      "throat_diameter_m": 1.7461380339900263,
      "v_ambient_ms": 20.590119193541998,
      "v_amplification": 2.3333333333333335,
      "v_throat_ms": 48.043611451598,
      "power_kW": 15.0,
      "power_status": "rated",
      "mass_kg": 280
    },
    {
      "egg_index": 12,
      "egg_diameter_m": 11.192645922560875,
      "egg_height_m": 55.96322961280437,
      "z_center_m": 970.1764390249891,
      "turbine_model": "Micro Duct Turbine (1.5m)",
      "turbine_diameter_m": 1.5,
      "throat_diameter_m": 1.6612684710560979,
      "v_ambient_ms": 20.79199278337162,
      "v_amplification": 2.3333333333333335,
      "v_throat_ms": 48.51464982786711,
      "power_kW": 15.0,
      "power_status": "rated",
      "mass_kg": 280
    },
    {
      "egg_index": 13,
      "egg_diameter_m": 10.648636829905497,
      "egg_height_m": 53.24318414952749,
      "z_center_m": 1024.779645906155,
      "turbine_model": "Micro Duct Turbine (1.5m)",
      "turbine_diameter_m": 1.5,
      "throat_diameter_m": 1.5805239214787232,
      "v_ambient_ms": 20.974947310423634,
      "v_amplification": 2.3333333333333335,
      "v_throat_ms": 48.94154372432182,
      "power_kW": 15.0,
      "power_status": "rated",
      "mass_kg": 280
    },
    {
      "egg_index": 14,
      "egg_diameter_m": 10.131068839286161,
      "egg_height_m": 50.6553441964308,
      "z_center_m": 1076.7289100791343,
      "turbine_model": "Micro Duct Turbine (1.5m)",
      "turbine_diameter_m": 1.5,
      "throat_diameter_m": 1.5037038924710484,
      "v_ambient_ms": 21.141559504760544,
      "v_amplification": 2.3333333333333335,
      "v_throat_ms": 49.33030551110794,
      "power_kW": 15.0,